Account,ID,Likes,Comments_Number,Saved_Times
catgivry,7268234496917458222,65,3,3,7267925327501004078,425,8,24,7267920729339890986,245,4,10,7267919558500109614,220,3,16,7267917473767329066,791,10,89,7267524215232875818,803,14,83,7267519178549202222,699,9,65,7267502688340839723,851,14,69,7267497311021075758,586.4K,2230,44.8K,7266789031961267498,1202,13,126,7266786722611023146,5214,47,469,7266772448002051374,1369,11,170,7266760121982668074,4806,46,544,7266754873566301486,946,9,103,7266735901739355435,961,12,94,7266734395036306734,421,3,47,7266733118072163630,431,4,35,7266078962751933742,8748,303,914,7266074885997268267,2461,35,247,7266072330152021291,854,6,56,7266071538682613034,2449,12,225,7265700769263930666,595,5,55,7265698643867553070,1102,13,123,7265697357008801070,"","","",7265694464847564078,479,9,57,7265294912709676334,1888,42,136,7265286161340517678,5731,76,816,7265274268357872939,3097,27,385,7265266873871224110,14.6K,123,1976,7265258096140766506,"","","",7265255514932596010,941,7,93,7264932009665957163,1087,12,115,7264904076058529066,1004,7,94,7264895894422752558,789,14,101,7264835611779992874,1113,11,116
kkyychen,7234464780248141102,4006,56,701,7234098222023757102,3404,36,664,7233719871509384491,"","","",7233363941936598314,2202,24,420,7232873135970962731,2040,23,335,7232602525353102638,2013,27,396,7232117445392223530,1665,19,300,7214721772241849643,2172,30,328,7214390737902013742,2346,41,353,7214044786041376046,2007,29,365,7214032053572996398,2169,19,336,7213244695374204203,2985,28,656,7212925150755573038,2438,25,471,7211714009710480686,1710,13,279,7211449436440939822,1835,32,314,7210963325348318506,1534,21,287,7210202351787937070,1854,20,293,7209965473025281326,"","","",7208871984044789035,29.3K,544,1353,7208729561159257387,1420,16,212,7208468939452599598,2767,21,610,7208103338494217515,3981,53,413,7208064653501680942,1979,25,385,7207353092495658286,1080,9,132,7207316450921565483,1067,16,148,7206613687887580458,1200,8,179,7206591264089722155,25.3K,191,4230,7206213958682840362,1130,20,156,7206213439071472938,1331,15,175,7205482529267289390,1029,19,149,7205085153637567787,1674,28,163,7205013031070223659,1254,23,159,7204756632520232238,761,8,113,7203245320615251246,3717,53,306,7202912004347055403,2087,30,295
timmytheecat,7267996919207611649,124,1,1,7267620579799272709,231,2,21,7267227001176509702,80,2,5,7266121516192926982,"","","",7265402628698328325,199,5,10,7265050051599142149,274,2,11,7264680343276489989,55,0,3,7264289287238192390,"","","",7263945665191873798,112,3,3,7263527773707226374,42,1,3,7263155914054569222,177,2,8,7262751125005290758,48,1,1,7262043543877799173,204,1,13,7261678858318007558,826,3,34,7261339719244598533,"","","",7260941525389987077,91,1,3,7260650154053733637,94,1,9,7230952086974876933,345,3,23,7227561272068295941,516,8,31,7227171771412155654,387,4,20,7226796232461520133,390,3,24,7226437429866073349,241,0,16,7225302847842209051,525,6,32,7224627817231781126,"","","",7224251094296186118,545,5,31,7223881038504971526,817,7,55,7223484838077074694,1768,9,132,7223133155115404549,603,14,33,7222754991109344518,964.7K,17.1K,63.9K,7222726802052025605,458,6,35
joe_rain0,0,"","","",0,"","","",0,"","","",0,"","","",0,"","","",0,"","","",0,"","","",0,"","","",0,"","","",0,"","","",0,"","","",0,"","","",0,"","","",0,"","","",0,"","","",0,"","","",0,"","","",0,"","","",0,"","","",0,"","","",0,"","","",0,"","","",0,"","","",0,"","","",0,"","","",0,"","","",0,"","","",0,"","","",0,"","","",0,"","","",0,"","","",0,"","","",0,"","","",0,"","","",0,"","",""
adameoww
ytfamilyshort,7267882687384308994,15,1,2,7267292718932495617,14,1,2,7267224320114478337,12,1,0,7265028941788761346,2346,39,370,7264362206102441218,77,1,10,7263845213037219073,3214,27,472,7263838004085542145,1694,15,219,7263600794266619138,111,0,10,7263590402026999042,74,1,13,7262463922094001410,261,2,37,7259393799514754306,141,2,14,7259390279289998593,82,1,6,7258284016153939201,254,3,27,7257283750889884930,115,0,12,7256413790063873282,1314,42,137,7256392148428262657,45.3K,581,4936,7256217859716615426,259,3,47,7255108603449707778,2568,43,290,7254618992004828417,1555,22,161,7254326799994195202,2201,19,254,7253549996132404481,237.9K,1813,24.2K,7253541360576302337,74.6K,962,6489,7252839811852045569,89,2,8,7252675374255967490,555,16,68,7252430603948166402,527,5,45,7248930229522156801,124K,8769,6416,7248778441246510338,1208,8,134,7248688398553074946,467,11,41,7248363850897116418,684,12,56,7248266937648663810,878,16,59,7247104629517913346,226,1,16,7245798262916058370,1419,7,100,7244933390842055938,476,5,46,7244718598529273090,"","",""
ifnotcutewhyfluffy,7266244700779203845,2862,49,483,7265491329537395973,9985,125,1721,7265116752558689541,10.4K,225,1772,7264760736482675973,"","","",7262966667162995974,3355,50,528,7262515046700289285,235.3K,2073,36.5K,7261509718470839557,28.6K,405,4745,7260445043402575109,37.3K,498,6143,7260067125069417733,"","","",7259633899964239109,1485,12,158,7259632732827815173,"","","",7258976980819807494,1.1M,8649,128.7K,7253692440110992645,1223,23,156,7253631276794612998,2896,25,432,7253599898891865349,3069,58,421,7253471835579321605,1850,16,211,7253048216927653126,1205,6,148,7252927576027483394,1371,12,168,7252875516624014597,3507,57,474,7237999734718369030,4350,37,422,7234083686734400774,21.8K,600,3916,7233978949292936453,3091,29,274,7233330259578473733,2821,21,296,7233252054544682246,10.9K,178,1395,7232873007939734789,2305,20,253,7232607028928072966,3142,78,357,7232508347306577157,1794,22,196,7232157718432206085,2667,43,319,7231787221009976582,2085,18,223,7230642775304178949,4491,45,568,7230301395252022533,2521,22,261,7229179606207712517,6186,57,773,7228740005202562309,2446,34,278,7228391398788140293,4316,61,556,7228179194843385093,2050,14,236
sillycattos_,7265486132542983425,2172,19,496,7262337761657539842,631,13,98,7259381172273302786,319,3,53,7258443604031442184,1136,7,150,7257817208288447762,962,27,155,7257195936991022344,2023,18,352,7256908413018426631,10.9K,55,1394,7256512469269515527,826,7,197,7256160293879926034,957,10,200,7255741376556567826,786,8,137,7255347334429592839,1499,22,269,7255030704206007560,1890,23,369,7254615081084865799,754,19,152,7254247543851306248,673.2K,5075,56.7K,7253842764276698376,43.9K,548,7514,7253511961474764050,1059,14,210,7253114612055280904,1451,10,274,7252739628690640146,1231,23,263,7252309564673051911,314.2K,2133,41K,7252076738904083719,2171,14,397,7251687979159227666,1300,12,238,7251236388887170312,1759,10,377,7250827546533711112,1690,24,401,7250473314844413192,"","","",7250085655441689864,502.6K,2143,61.6K,7249715613130591495,24.1K,401,5924,7249364634560433426,1030,15,186,7248986880790842632,1984,20,399,7248606336215174408,51.5K,309,4593,7248245101170789640,2104,27,342,7247868250564857095,521.9K,3497,77.1K,7247491696387296519,1927,25,469,7247125099759848711,199.4K,1375,36.3K,7246766107464355090,463.2K,4232,62K,7246365782962228488,1.4M,15.1K,216.7K
catslife888,888,"","","",888,"","","",888,"","","",888,"","","",888,"","","",888,"","","",888,"","","",888,"","","",888,"","","",888,"","","",888,"","","",888,"","","",888,"","","",888,"","","",888,"","","",888,"","","",888,"","","",888,"","","",888,"","","",888,"","","",888,"","","",888,"","","",888,"","","",888,"","","",888,"","","",888,"","","",888,"","","",888,"","","",888,"","","",888,"","","",888,"","","",888,"","","",888,"","","",888,"","","",888,"","",""
sonyakisa8,8,"","","",8,"","","",8,"","","",8,"","","",8,"","","",8,"","","",8,"","","",8,"","","",8,"","","",8,"","","",8,"","","",8,"","","",8,"","","",8,"","","",8,"","","",8,"","","",8,"","","",8,"","","",8,"","","",8,"","","",8,"","","",8,"","","",8,"","","",8,"","","",8,"","","",8,"","","",8,"","","",8,"","","",8,"","","",8,"","","",8,"","","",8,"","","",8,"","","",8,"","","",8,"","",""
yzcjhas,7268141611823975688,22,1,0,7267512907154476293,35,1,4,7267029525727333634,39,4,7,7267022429669674242,124,1,14,7267008239382859010,35,5,6,7267003813330996481,59,1,4,7266765023932927233,64,0,3,7266757467881721090,52,2,5,7266063292857208065,"","","",7266062028886772993,148,5,11,7264977364256296193,166,4,14,7264484449499221249,167,6,13,7264139698094853378,155,4,18,7263681927868108033,84,2,7,7263665745421274370,122,7,10,7261918664016825601,349,8,25,7260761418616671489,"","","",7260756820644384001,424,5,31,7260364410525355265,236,3,13,7259772525788335361,279,1,11,7259760274956143874,410,15,33,7259235692570512647,247,5,20,7259231170217446663,640,11,50,7258637585482829074,287,9,23,7258289502441966855,237,9,20,7258288021206863122,"","","",7258123371039264007,194,3,9,7257892395541433608,239,9,20,7255177189119757575,383,5,26,7255163485506587922,465,12,33,7254758328121756946,346,8,32,7254755779784346887,436,7,28,7254485392899034375,246,2,13,7254008343503605010,"","","",7253626951901007111,311,8,15
sonyakisa8,8,"","","",8,"","","",8,"","","",8,"","","",8,"","","",8,"","","",8,"","","",8,"","","",8,"","","",8,"","","",8,"","","",8,"","","",8,"","","",8,"","","",8,"","","",8,"","","",8,"","","",8,"","","",8,"","","",8,"","","",8,"","","",8,"","","",8,"","","",8,"","","",8,"","","",8,"","","",8,"","","",8,"","","",8,"","","",8,"","","",8,"","","",8,"","","",8,"","","",8,"","","",8,"","",""
sonyakisa8,8,"","","",8,"","","",8,"","","",8,"","","",8,"","","",8,"","","",8,"","","",8,"","","",8,"","","",8,"","","",8,"","","",8,"","","",8,"","","",8,"","","",8,"","","",8,"","","",8,"","","",8,"","","",8,"","","",8,"","","",8,"","","",8,"","","",8,"","","",8,"","","",8,"","","",8,"","","",8,"","","",8,"","","",8,"","","",8,"","","",8,"","","",8,"","","",8,"","","",8,"","","",8,"","",""
yeti.cat,7256908232327695617,3105,13,160,7253876489081343234,101.6K,488,9880,7250503595764763906,82.9K,242,4570,7244981161385086209,15.8K,121,1657,7236764313812208898,642.1K,2699,56.6K,7235657402727845122,44K,513,3542,7235607998217850113,2118,27,177,7235591744711118081,1925,14,104,7073171967561567489,122.3K,1110,2183,7073103925402029314,23.5K,186,399,7073099886006242562,9291,58,193,7071638166330985729,202.5K,552,6958,7070064783550090498,84.4K,512,4901,7069395511761014018,293.3K,2754,29.5K,7068567838319037697,15.7K,102,545,7067605607624248577,12.8K,109,261,7067186838540127489,2.8M,16.5K,114.6K,7067166856888601858,845.3K,7115,13K,7066933686033337601,49.7K,425,770,7066099914970877185,36.3K,322,2017,7064852983674064129,143.5K,1348,2587,7064493643402415361,64.3K,982,2561,7063135415531851010,1.4M,6566,49.9K,7061234594439286017,304.1K,1205,11.8K,7060902139203177730,1.5M,3717,78.9K,7060430086389910785,770.9K,4221,35K,7059021493719567617,757.5K,1905,41.2K,7057877453066292481,205.5K,565,8575,7055782606490668289,35.3K,188,2772,7055297874032168193,38.4K,137,2517,7053822729916632322,10.5K,50,494,7052998677366967553,243.1K,549,7549,7051890158878067970,165.1K,531,10.4K,7051675042454785282,30K,523,2148,7049015206273469698,8715,30,340
spongecake_cats,7267587163015892267,1169,14,59,7266839266322287915,34.9K,60,1349,7266468591506165034,28.9K,86,1427,7265730774991768874,1321,16,100,7265366529779240235,58.7K,327,8771,7264977868692770091,1891,22,105,7260551323987348779,26K,107,1788,7259794112189189422,3110,41,162,7259118979854191915,37.6K,232,3890,7255345240301653291,11.2K,42,702,7252373063914868011,4424,38,307,7251756753195584814,12.5K,79,861,7250535171278032171,40.2K,314,6434,7249816050701978926,61.4K,142,2731,7248288876685462826,611.6K,3848,58K,7247575997061680427,152.7K,271,8151,7246821685528317230,11.1K,88,1077,7242720682700705070,6910,93,525,7240133424478948651,249.2K,871,20.2K,7237536469110377771,2964,27,145,7236829985804160298,2.3M,9365,173.8K,7236388244479380782,4114,31,195,7236048676785868075,146.7K,2146,22.5K,7233481092408462638,568.5K,2751,31.6K,7232366249093713194,96.6K,160,5504,7231931588810968363,2608,26,148,7229378158561185066,"","","",7227529253422746923,15.1K,84,1121,7227165480333675819,45.9K,585,1994
